dataset,k_fold,avg_acc,avg_auc,avg_aupr,avg_mcc
ALL,8,0.796875,0.818424433558441,0.6609125182056671,0.4431254540613649
ALL,8,0.7057291666666666,0.8111715700385256,0.660132730683041,0.3960683184940483
